{
  "hash": "5e539cdc",
  "configHash": "d6c1a3e7",
  "lockfileHash": "19d60e07",
  "browserHash": "b524e965",
  "optimized": {
    "@angular/common": {
      "src": "../../../../../../node_modules/@angular/common/fesm2022/common.mjs",
      "file": "@angular_common.js",
      "fileHash": "6a9e19b7",
      "needsInterop": false
    },
    "@angular/common/http": {
      "src": "../../../../../../node_modules/@angular/common/fesm2022/http.mjs",
      "file": "@angular_common_http.js",
      "fileHash": "b2633c97",
      "needsInterop": false
    },
    "@angular/core": {
      "src": "../../../../../../node_modules/@angular/core/fesm2022/core.mjs",
      "file": "@angular_core.js",
      "fileHash": "a5a747f9",
      "needsInterop": false
    },
    "@angular/forms": {
      "src": "../../../../../../node_modules/@angular/forms/fesm2022/forms.mjs",
      "file": "@angular_forms.js",
      "fileHash": "1ea7ff0a",
      "needsInterop": false
    },
    "@angular/material/progress-bar": {
      "src": "../../../../../../node_modules/@angular/material/fesm2022/progress-bar.mjs",
      "file": "@angular_material_progress-bar.js",
      "fileHash": "7e2d57dd",
      "needsInterop": false
    },
    "@angular/platform-browser": {
      "src": "../../../../../../node_modules/@angular/platform-browser/fesm2022/platform-browser.mjs",
      "file": "@angular_platform-browser.js",
      "fileHash": "ac5e7a65",
      "needsInterop": false
    },
    "@angular/router": {
      "src": "../../../../../../node_modules/@angular/router/fesm2022/router.mjs",
      "file": "@angular_router.js",
      "fileHash": "b1caecf7",
      "needsInterop": false
    },
    "sweetalert2": {
      "src": "../../../../../../node_modules/sweetalert2/dist/sweetalert2.all.js",
      "file": "sweetalert2.js",
      "fileHash": "c32a1e5b",
      "needsInterop": true
    },
    "aos": {
      "src": "../../../../../../node_modules/aos/dist/aos.js",
      "file": "aos.js",
      "fileHash": "80f30db6",
      "needsInterop": true
    }
  },
  "chunks": {
    "chunk-FARKOXUN": {
      "file": "chunk-FARKOXUN.js"
    },
    "chunk-3PPUTUFG": {
      "file": "chunk-3PPUTUFG.js"
    },
    "chunk-JY7SFV7K": {
      "file": "chunk-JY7SFV7K.js"
    },
    "chunk-MQXEZF6U": {
      "file": "chunk-MQXEZF6U.js"
    },
    "chunk-3OV72XIM": {
      "file": "chunk-3OV72XIM.js"
    }
  }
}